"Player","Nation","Position","Club","Age","MatchesPlayed","Starts","TotalMinutes","Goals","Assists","xG","xAG","FPLPoints","FPLPrice","WeeklyWages","AnnualWages","Continent"
"Brenden Aaronson","USA","MF","Leeds United",22,12,12,1014,1,1,1.8,2.4,37,5.5,NA,NA,"Americas"
"Che Adams","SCO","FW","Southampton",26,12,10,913,3,1,3.1,1.4,42,6.4,30000,1560000,"Europe"
"Tyler Adams","USA","MF","Leeds United",23,11,11,990,0,0,0,0.9,24,4.9,NA,NA,"Americas"
"Tosin Adarabioyo","ENG","DF","Fulham",25,10,10,900,1,0,0.1,0,21,4.5,40577,2110000,"Europe"
"Rayan Aït Nouri","FRA","DF","Wolves",21,9,7,649,0,0,0.3,0.8,NA,NA,4423,230000,"Europe"
"Kristoffer Ajer","NOR","DF","Brentford",24,6,6,502,0,0,0,0,15,4.5,22115,1150000,"Europe"
"Manuel Akanji","SUI","DF","Manchester City",27,6,6,521,0,0,0.3,0,25,5,180000,9360000,"Europe"
"Nathan Aké","NED","DF","Manchester City",27,7,6,481,0,0,0.1,0,26,5,90000,4680000,"Europe"
"Marc Albrighton","ENG","MF","Leicester City",32,2,0,18,0,0,0,0,3,4.7,45000,2340000,"Europe"
"Thiago Alcántara","ESP","MF","Liverpool",31,6,6,464,0,0,0,0.4,12,5.2,2e+05,10400000,"Europe"
"Trent Alexander-Arnold","ENG","DF","Liverpool",24,12,10,813,1,0,1,1.9,38,7.2,180000,9360000,"Europe"
"Alisson","BRA","GK","Liverpool",30,12,12,1080,0,1,0,0.3,62,5.4,150000,7800000,"Americas"
"Dele Alli","ENG","MF","Everton",26,2,0,40,0,0,0,0,2,5.3,NA,NA,"Europe"
"Miguel Almirón","PAR","FW","Newcastle Utd",28,13,13,1085,7,0,4.2,0.7,87,5.8,42000,2184000,"Americas"
"Julián Álvarez","ARG","FW","Manchester City",22,10,2,296,2,0,0.8,0.3,31,6,50000,2600000,"Americas"
"Daniel Amartey","GHA","DF","Leicester City",27,10,8,735,0,0,0,0.3,34,4.3,20000,1040000,"Africa"
"Joachim Andersen","DEN","DF","Crystal Palace",26,11,11,990,1,0,0.9,0.4,37,4.5,79423,4130000,"Europe"
"Elliot Anderson","SCO","FW","Newcastle Utd",19,6,0,93,0,0,0.5,0.5,7,4.4,3000,156000,"Europe"
"Jaidon Anthony","ENG","MF","Bournemouth",22,9,1,249,1,0,0.5,0.1,16,5.2,10000,520000,"Europe"
"Michail Antonio","JAM","FW","West Ham",32,13,6,562,2,1,2,0.4,32,7,85000,4420000,"Americas"
"Antony","BRA","MF","Manchester Utd",22,6,6,491,3,0,1.6,0.4,28,7.5,2e+05,10400000,"Americas"
"Cameron Archer","ENG","MF","Aston Villa",20,5,0,41,0,0,0,0,5,4.2,20000,1040000,"Europe"
"Alphonse Areola","FRA","GK","West Ham",29,2,0,107,0,0,0,0,2,4.3,120000,6240000,"Europe"
"Joe Aribo","NGA","MF","Southampton",26,13,10,908,2,0,1.4,0.8,37,5.3,NA,NA,"Africa"
"Adam Armstrong","ENG","FW","Southampton",25,12,10,785,1,1,0.9,0.6,NA,NA,47885,2490000,"Europe"
"Stuart Armstrong","SCO","MF","Southampton",30,12,5,569,1,0,1,0.9,NA,NA,50000,2600000,"Europe"
"Kepa Arrizabalaga","ESP","GK","Chelsea",28,6,6,495,0,0,0,0,29,4.5,150000,7800000,"Europe"
"Pierre-Emerick Aubameyang","GAB","FW","Chelsea",33,5,3,242,1,0,0.2,0.3,15,8.8,160000,8320000,"Africa"
"Ludwig Augustinsson","SWE","DF","Aston Villa",28,1,1,44,0,0,0,0,0,4.3,20000,1040000,"Europe"
"Serge Aurier","CIV","DF","Nottingham Forest",29,5,4,350,0,0,0,0.1,15,4.5,NA,NA,"Africa"
"Taiwo Awoniyi","NGA","FW","Nottingham Forest",25,12,6,500,3,0,3.3,0.7,37,5.7,NA,NA,"Africa"
"Jordan Ayew","GHA","MF","Crystal Palace",31,12,9,756,0,1,0.7,1.1,27,5.3,32500,1690000,"Africa"
"Luke Ayling","ENG","DF","Leeds United",31,5,1,142,0,1,0.2,0.1,8,4.5,8077,420000,"Europe"
"César Azpilicueta","ESP","DF","Chelsea",33,9,5,537,0,0,0.1,0.7,29,4.8,180000,9360000,"Europe"
"Leon Bailey","JAM","MF","Aston Villa",25,12,10,741,2,2,1.6,1.9,48,4.5,1e+05,5200000,"Americas"
"Stefan Bajcetic","ESP","MF","Liverpool",18,1,0,21,0,0,0,0,1,4.4,NA,NA,"Europe"
"Patrick Bamford","ENG","FW","Leeds United",29,10,4,429,0,1,4.1,0.3,17,7.2,35000,1820000,"Europe"
"Shandon Baptiste","GRN","MF","Brentford",24,12,4,431,0,0,0.2,0.7,18,4.5,11923,620000,"Americas"
"Harvey Barnes","ENG","MF","Leicester City",24,11,11,906,4,0,2.3,0.4,53,6.9,40000,2080000,"Europe"
"Gavin Bazunu","IRL","GK","Southampton",20,13,13,1170,0,0,0,0.1,32,4.5,NA,NA,"Europe"
"Mads Bech Sørensen","DEN","DF","Brentford",23,3,0,20,0,0,0,0,3,4.5,NA,NA,"Europe"
"Jan Bednarek","POL","DF","Southampton",26,2,2,159,0,0,0.1,0.1,NA,NA,NA,NA,"Europe"
"Jan Bednarek","POL","DF","Aston Villa",26,2,1,91,0,0,0,0,3,4.2,60000,3120000,"Europe"
"Donny Van De Beek","NED","MF","Manchester Utd",25,3,0,22,0,0,0,0,NA,NA,NA,NA,"Europe"
"Asmir Begović","BIH","GK","Everton",35,1,1,90,0,0,0,0,9,4,45000,2340000,"Europe"
"Armel Bella Kotchap","GER","DF","Southampton",20,9,9,761,0,1,0.7,0.1,NA,NA,NA,NA,"Europe"
"Saïd Benrahma","ALG","MF","West Ham",27,11,5,598,1,1,2,1,32,5.6,55000,2860000,"Africa"
"Rodrigo Bentancur","URU","MF","Tottenham",25,12,11,1002,2,2,1,0.8,45,5.4,75000,3900000,"Americas"
"Owen Bevan","WAL","DF","Bournemouth",19,1,0,9,0,0,0,0,1,4,NA,NA,"Europe"
"Giulian Biancone","FRA","DF","Nottingham Forest",22,2,0,17,0,0,0,0,2,4.2,NA,NA,"Europe"
"Philip Billing","DEN","MF","Bournemouth",26,13,11,959,3,1,0.7,0.7,56,5.3,40000,2080000,"Europe"
"Yves Bissouma","MLI","MF","Tottenham",26,12,5,497,0,0,0.1,0.2,16,4.7,55000,2860000,"Africa"
"Willy Boly","CIV","DF","Nottingham Forest",31,1,1,62,0,0,0,0,0,4.2,NA,NA,"Africa"
"Sven Botman","NED","DF","Newcastle Utd",22,11,10,881,0,0,0.3,0.9,48,4.4,90000,4680000,"Europe"
"Jarrod Bowen","ENG","MF","West Ham",25,13,13,1160,2,0,4.1,1.5,45,8.1,60000,3120000,"Europe"
"Armando Broja","ALB","FW","Chelsea",21,10,1,195,1,0,0.7,0,19,5.3,40000,2080000,"Europe"
"Bryan","ESP","MF","Tottenham",21,1,0,7,0,0,0,0,1,5,40000,2080000,"Europe"
"Emi Buendía","ARG","MF","Aston Villa",25,13,5,575,1,0,2.2,0.8,28,5.7,75000,3900000,"Americas"
"Hugo Bueno","ESP","DF","Wolves",20,4,3,271,0,1,0.1,0.3,10,3.9,NA,NA,"Europe"
"Dan Burn","ENG","DF","Newcastle Utd",30,13,12,1044,0,0,0.4,0.1,48,4.5,35000,1820000,"Europe"
"Cafú","POR","MF","Nottingham Forest",29,1,0,7,0,0,0,0,1,4.3,17692,920000,"Europe"
"Moisés Caicedo","ECU","MF","Brighton",21,12,12,1065,1,0,0.8,0.8,32,5,3462,180000,"Americas"
"Tom Cairney","SCO","MF","Fulham",31,13,0,239,0,0,0.4,0.4,14,4.7,40000,2080000,"Europe"
"Duje Ćaleta-Car","CRO","DF","Southampton",26,5,4,409,0,0,0.2,0,NA,NA,NA,NA,"Europe"
"Dominic Calvert-Lewin","ENG","FW","Everton",25,5,3,279,1,0,1,0,15,7.9,1e+05,5200000,"Europe"
"Chem Campbell","WAL","MF","Wolves",19,5,0,74,0,0,0.1,0,5,4.4,2500,130000,"Europe"
"João Cancelo","POR","DF","Manchester City",28,12,12,1006,2,1,0.5,0.8,69,7.4,250000,1.3e+07,"Europe"
"Sergi Canós","ESP","DF","Brentford",25,3,0,64,0,0,0,0,4,5,15000,780000,"Europe"
"Diego Carlos","BRA","DF","Aston Villa",29,2,2,179,0,0,0.4,0,3,4.7,1e+05,5200000,"Americas"
"Fabio Carvalho","POR","MF","Liverpool",20,10,4,333,2,0,1.1,0.1,24,5.4,40000,2080000,"Europe"
"Casemiro","BRA","MF","Manchester Utd",30,9,5,532,1,1,0.5,0.8,28,4.9,3e+05,15600000,"Americas"
"Matty Cash","POL","DF","Aston Villa",25,11,10,848,0,0,0.2,0.4,17,4.6,80000,4160000,"Europe"
"Timothy Castagne","BEL","DF","Leicester City",26,12,11,1011,1,2,1.1,1,59,4.7,65000,3380000,"Europe"
"Jonny Castro","ESP","DF","Wolves",28,11,11,934,0,0,0.3,0.3,31,4.4,36731,1910000,"Europe"
"Julio César Enciso","PAR","MF","Brighton",18,1,0,26,0,0,0.3,0,3,4.7,NA,NA,"Americas"
"Nathaniel Chalobah","ENG","MF","Fulham",27,3,1,11,0,0,0.1,0,0,4.4,51923,2700000,"Europe"
"Trevoh Chalobah","ENG","DF","Chelsea",23,6,6,540,0,0,0.3,0,21,4.7,35000,1820000,"Europe"
"Calum Chambers","ENG","DF","Aston Villa",27,3,1,101,0,0,0,0,4,4.2,50000,2600000,"Europe"
"Ben Chilwell","ENG","DF","Chelsea",25,9,4,419,1,1,0.3,0.1,32,5.8,190000,9880000,"Europe"
"Ryan Christie","SCO","MF","Bournemouth",27,12,9,707,1,0,1.3,0.3,26,5.3,30000,1560000,"Europe"
"Carney Chukwuemeka","ENG","MF","Chelsea",19,3,0,46,0,0,0.1,0,3,4.3,1e+05,5200000,"Europe"
"Bobby Clark","ENG","MF","Liverpool",17,1,0,8,0,0,0,0,1,4.5,NA,NA,"Europe"
"Nathaniel Clyne","ENG","DF","Crystal Palace",31,6,5,413,0,0,0,0.1,9,4.5,80769,4200000,"Europe"
"Conor Coady","ENG","DF","Everton",29,12,12,1070,1,1,0.6,0.3,52,5,55000,2860000,"Europe"
"Jack Colback","ENG","MF","Nottingham Forest",33,3,1,127,0,0,0,0.2,4,4.2,10000,520000,"Europe"
"Séamus Coleman","IRL","DF","Everton",34,6,6,473,0,0,0.1,0.2,21,4.5,55000,2860000,"Europe"
"Nathan Collins","IRL","DF","Wolves",21,10,10,842,0,0,0,0.1,28,4.5,NA,NA,"Europe"
"Levi Colwill","ENG","DF","Brighton",19,2,0,13,0,0,0,0,2,4.4,NA,NA,"Europe"
"Lewis Cook","ENG","MF","Bournemouth",25,13,11,1013,0,1,0.1,1.2,31,4.9,40000,2080000,"Europe"
"Steve Cook","ENG","DF","Nottingham Forest",31,11,10,868,0,0,0.1,0.6,20,4.4,35192,1830000,"Europe"
"Liam Cooper","SCO","DF","Leeds United",31,6,5,495,0,0,0.2,0.4,19,4.4,6538,340000,"Europe"
"Maxwel Cornet","CIV","MF","West Ham",26,5,1,91,0,0,0.5,0,5,5.9,65000,3380000,"Africa"
"Diego Costa","ESP","FW","Wolves",34,6,5,412,0,0,1.7,0.2,7,5.5,50000,2600000,"Europe"
"Vladimír Coufal","CZE","DF","West Ham",30,9,7,685,0,0,0.1,0.6,20,4.2,35000,1820000,"Europe"
"Philippe Coutinho","BRA","MF","Aston Villa",30,12,6,571,0,0,1,0.3,18,6.6,125000,6500000,"Americas"
"Conor Coventry","IRL","MF","West Ham",22,1,0,1,0,0,0,0,1,4.4,5000,260000,"Europe"
"Aaron Cresswell","ENG","DF","West Ham",32,12,12,1060,0,0,0.2,2.2,36,4.8,50000,2600000,"Europe"
"Marc Cucurella","ESP","DF","Chelsea",24,11,10,739,0,2,0.3,0.3,30,5.1,175000,9100000,"Europe"
"Patson Daka","ZAM","FW","Leicester City",24,12,5,505,3,1,1.7,1.5,34,5.7,75000,3900000,"Africa"
"Diogo Dalot","POR","DF","Manchester Utd",23,12,12,1075,0,1,0.6,1.3,49,4.8,25000,1300000,"Europe"
"Mikkel Damsgaard","DEN","MF","Brentford",22,8,1,236,0,0,0.4,0.4,9,5.1,NA,NA,"Europe"
"Josh Dasilva","ENG","MF","Brentford",24,13,6,603,2,0,0.5,0.2,30,4.2,18077,940000,"Europe"
"Ben Davies","WAL","DF","Tottenham",29,10,9,815,1,1,0.5,0.8,41,4.9,80000,4160000,"Europe"
"Tom Davies","ENG","MF","Everton",24,7,3,298,0,0,0.5,0.1,8,4.9,25000,1300000,"Europe"
"Craig Dawson","ENG","DF","West Ham",32,3,3,270,0,0,0.1,0.1,13,4.8,45000,2340000,"Europe"
"Kevin De Bruyne","BEL","MF","Manchester City",31,12,11,951,3,9,2.4,5.2,88,12.6,4e+05,20800000,"Europe"
"Siriki Dembélé","CIV","FW","Bournemouth",26,1,0,8,0,0,0,0,1,4.7,8000,416000,"Africa"
"Leander Dendoncker","BEL","MF","Aston Villa",27,6,2,203,0,0,0,0.3,18,4.7,90000,4680000,"Europe"
"Leander Dendoncker","BEL","MF","Wolves",27,4,2,214,0,0,0.7,0,NA,NA,NA,NA,"Europe"
"Emmanuel Dennis","NGA","FW","Nottingham Forest",24,8,2,267,1,0,0.4,0.3,19,5.8,NA,NA,"Africa"
"Halil Dervişoğlu","TUR","MF","Brentford",22,1,0,8,0,0,0,0,4,4.5,NA,NA,"Asia"
"Kiernan Dewsbury-Hall","ENG","MF","Leicester City",24,13,12,990,1,2,0.6,1.6,47,4.9,20000,1040000,"Europe"
"Ibrahima Diallo","FRA","MF","Southampton",23,9,6,450,0,0,0.1,0,11,4.3,55000,2860000,"Europe"
"Rúben Dias","POR","DF","Manchester City",25,11,9,872,0,0,0.6,0.1,40,5.9,180000,9360000,"Europe"
"Luis Díaz","COL","FW","Liverpool",25,8,7,613,3,2,1.7,1,39,7.8,55000,2860000,"Americas"
"Eric Dier","ENG","DF","Tottenham",28,13,12,1105,2,0,0.6,0.6,49,5.3,85000,4420000,"Europe"
"Lucas Digne","FRA","DF","Aston Villa",29,8,7,652,0,0,0.1,0.5,23,4.6,160000,8320000,"Europe"
"Issa Diop","FRA","DF","Fulham",25,6,4,418,1,0,0.2,0,25,4.3,NA,NA,"Europe"
"Moussa Djenepo","MLI","DF","Southampton",24,10,5,526,0,1,0.1,0.2,18,5,55000,2860000,"Africa"
"Matt Doherty","IRL","DF","Tottenham",30,6,3,294,0,0,0.2,0.1,17,4.6,65000,3380000,"Europe"
"Gabriel Dos Santos","BRA","DF","Arsenal",24,12,12,1080,1,0,1.4,0.2,67,5.1,50000,2600000,"Americas"
"Abdoulaye Doucouré","MLI","MF","Everton",29,5,2,140,0,0,0.1,0,NA,NA,120000,6240000,"Africa"
"Cheick Doucouré","MLI","MF","Crystal Palace",22,10,10,803,0,1,0.3,0.9,NA,NA,NA,NA,"Africa"
"Flynn Downes","ENG","MF","West Ham",23,5,3,238,0,0,0.2,0,10,4.3,25000,1300000,"Europe"
"Cody Drameh","ENG","DF","Leeds United",20,1,1,69,0,0,0,0,1,4,577,30000,"Europe"
"Shane Duffy","IRL","FW","Fulham",30,4,0,6,0,0,0,0,4,4.3,40000,2080000,"Europe"
"Lewis Dunk","ENG","DF","Brighton",30,12,12,1080,0,0,0.7,0.1,38,4.7,45000,2340000,"Europe"
"Malcolm Ebiowei","ENG","MF","Crystal Palace",19,2,0,21,0,0,0,0,2,4.2,NA,NA,"Europe"
"Ederson","BRA","GK","Manchester City",29,12,12,1080,0,1,0,0.2,55,5.4,1e+05,5200000,"Americas"
"Odsonne Édouard","FRA","FW","Crystal Palace",24,12,9,761,3,2,1.8,0.8,NA,NA,94808,4930000,"Europe"
"Samuel Edozie","ENG","MF","Southampton",19,6,0,99,0,0,0,0.1,7,4.8,NA,NA,"Europe"
"Anthony Elanga","SWE","MF","Manchester Utd",20,8,4,289,0,1,0.4,0.8,16,4.7,5000,260000,"Europe"
"Harvey Elliott","ENG","MF","Liverpool",19,12,8,719,1,0,1,1.8,29,5,40000,2080000,"Europe"
"Mohamed Elneny","EGY","MF","Arsenal",30,1,1,90,0,0,0,0,3,4.2,55000,2860000,"Africa"
"Mohamed Elyounoussi","NOR","MF","Southampton",28,12,10,805,0,1,1.1,0.8,25,5.2,60000,3120000,"Europe"
"Emerson","BRA","DF","Tottenham",23,10,9,776,0,1,0.4,0.3,NA,NA,40000,2080000,"Americas"
"Christian Eriksen","DEN","MF","Manchester Utd",30,11,10,863,0,3,1.4,1.4,37,6.3,150000,7800000,"Europe"
"Pervis Estupiñán","ECU","DF","Brighton",24,9,6,470,0,0,0,1.7,23,4.5,NA,NA,"Americas"
"Jonny Evans","NIR","DF","Leicester City",34,9,9,810,0,0,0.2,0,11,4.4,1e+05,5200000,"Europe"
"Eberechi Eze","ENG","MF","Crystal Palace",24,12,12,972,2,2,1.6,1.9,58,5.7,30000,1560000,"Europe"
"Łukasz Fabiański","POL","GK","West Ham",37,13,13,1063,0,0,0,0,NA,NA,65000,3380000,"Europe"
"Fabinho","BRA","MF","Liverpool",29,12,9,817,0,0,0.2,0.4,23,5.3,180000,9360000,"Americas"
"Wout Faes","BEL","DF","Leicester City",24,7,7,630,0,0,0.3,0.3,32,4.5,50000,2600000,"Europe"
"Bruno Fernandes","POR","MF","Manchester Utd",28,12,12,1079,2,1,1.9,2.4,42,9.8,240000,12480000,"Europe"
"Roberto Firmino","BRA","FW","Liverpool",31,11,9,782,6,3,3.9,1.8,63,8.1,180000,9360000,"Americas"
"Junior Firpo","ESP","DF","Leeds United",26,2,1,114,0,0,0,0.1,2,4.5,42308,2200000,"Europe"
"Phil Foden","ENG","FW","Manchester City",22,12,10,791,6,4,3.3,1.8,67,8.3,225000,11700000,"Europe"
"Wesley Fofana","FRA","DF","Leicester City",21,2,2,180,0,0,0.1,0,NA,NA,NA,NA,"Europe"
"Wesley Fofana","FRA","DF","Chelsea",21,2,2,180,0,0,0,0,4,4.3,2e+05,10400000,"Europe"
"Pablo Fornals","ESP","MF","West Ham",26,12,9,759,1,0,0.6,0.9,31,5.1,65000,3380000,"Europe"
"Adam Forshaw","ENG","MF","Leeds United",31,3,0,50,0,0,0,0.4,3,4.4,20000,1040000,"Europe"
"Tyrese Francois","AUS","MF","Fulham",22,1,0,1,0,0,0,0,1,4.4,962,50000,"Oceania"
"Ryan Fraser","SCO","FW","Newcastle Utd",28,8,3,313,0,0,0.3,0.4,11,5.2,42000,2184000,"Europe"
"Fred","BRA","MF","Manchester Utd",29,11,4,398,1,0,0.8,0.8,23,5.1,120000,6240000,"Americas"
"Ryan Fredericks","ENG","DF","Bournemouth",30,7,4,379,0,0,0,0.1,9,4.4,35000,1820000,"Europe"
"Remo Freuler","SUI","MF","Nottingham Forest",30,9,7,663,0,0,0.1,0.2,18,4.9,NA,NA,"Europe"
"Conor Gallagher","ENG","MF","Chelsea",22,10,6,381,1,1,0.5,1.2,21,5.7,50000,2600000,"Europe"
"Idrissa Gana Gueye","SEN","MF","Everton",33,8,7,603,0,0,0,0,16,5,80000,4160000,"Africa"
"Alejandro Garnacho","ESP","MF","Manchester Utd",18,1,0,1,0,0,0,0,3,4.3,5000,260000,"Europe"
"James Garner","ENG","MF","Everton",21,5,0,97,0,0,0.1,0,5,4.5,30000,1560000,"Europe"
"David De Gea","ESP","GK","Manchester Utd",31,12,12,1080,0,0,0,0.1,46,4.9,NA,NA,"Europe"
"Joe Gelhardt","ENG","FW","Leeds United",20,9,1,157,0,1,0.6,0.1,12,5.1,16538,860000,"Europe"
"Saman Ghoddos","IRN","MF","Brentford",29,5,0,33,0,0,0,0,6,4.8,15000,780000,"Asia"
"Morgan Gibbs-White","ENG","MF","Wolves",22,2,2,180,0,0,0.7,0.1,NA,NA,NA,NA,"Europe"
"Morgan Gibbs-White","ENG","FW","Nottingham Forest",22,11,10,861,0,2,1.1,1.5,44,5.5,NA,NA,"Europe"
"Billy Gilmour","SCO","MF","Brighton",21,3,0,7,0,0,0,0,4,4.3,NA,NA,"Europe"
"Degnand Gnonto","ITA","MF","Leeds United",19,1,0,19,0,0,0,0,5,5,NA,NA,"Europe"
"Ben Godfrey","ENG","DF","Everton",24,1,1,17,0,0,0,0,1,4.3,75000,3900000,"Europe"
"Toti Gomes","POR","DF","Wolves",23,2,2,180,0,0,0,0.1,8,3.9,2692,140000,"Europe"
"Joe Gomez","ENG","DF","Liverpool",25,10,8,793,0,0,0.1,0.2,36,4.5,85000,4420000,"Europe"
"Sergio Gómez","ESP","DF","Manchester City",22,5,0,111,0,1,0.1,0.4,7,4.5,50000,2600000,"Europe"
"Anthony Gordon","ENG","FW","Everton",21,12,11,947,3,0,2.6,0.5,39,5.4,10000,520000,"Europe"
"Demarai Gray","ENG","FW","Everton",26,13,13,1104,1,0,2.2,2,38,5.4,25000,1300000,"Europe"
"Jack Grealish","ENG","FW","Manchester City",27,7,5,484,1,0,0.8,1.2,27,6.8,3e+05,15600000,"Europe"
"Sam Greenwood","ENG","MF","Leeds United",20,4,1,106,0,0,0.2,0,14,4.2,1346,70000,"Europe"
"Pascal Groß","GER","MF","Brighton",31,12,12,1012,4,2,2.5,3.4,68,5.6,50000,2600000,"Europe"
"Vicente Guaita","ESP","GK","Crystal Palace",35,12,12,1080,0,0,0,0,46,4.5,76923,4e+06,"Europe"
"Gonçalo Guedes","POR","FW","Wolves",25,10,6,526,0,1,0.7,0.5,26,5.9,NA,NA,"Europe"
"Marc Guéhi","ENG","DF","Crystal Palace",22,12,12,1080,0,0,0.2,0.1,28,4.4,50192,2610000,"Europe"
"Bruno Guimarães","BRA","MF","Newcastle Utd",24,10,10,812,2,2,0.5,1.3,49,5.7,120000,6240000,"Americas"
"İlkay Gündoğan","GER","MF","Manchester City",32,10,8,712,2,1,1.6,2,NA,NA,140000,7280000,"Europe"
"Erling Haaland","NOR","FW","Manchester City",22,11,11,920,17,3,9.9,2.2,122,12.1,375000,19500000,"Europe"
"Luke Harris","WAL","MF","Fulham",17,1,0,4,0,0,0,0,2,4.4,NA,NA,"Europe"
"Jack Harrison","ENG","MF","Leeds United",25,12,11,892,1,3,1.3,1.9,45,5.8,15000,780000,"Europe"
"Kai Havertz","GER","FW","Chelsea",23,11,10,802,3,0,2.7,0.4,36,7.7,150000,7800000,"Europe"
"Jan Paul Van Hecke","NED","DF","Brighton",22,1,0,3,0,0,0,0,1,4,NA,NA,"Europe"
"Hwang Hee-Chan","KOR","FW","Wolves",26,10,2,258,0,1,0.4,0.7,16,5.7,NA,NA,"Asia"
"Dean Henderson","ENG","GK","Nottingham Forest",25,13,13,1170,0,0,0,0,61,4.7,1e+05,5200000,"Europe"
"Jordan Henderson","ENG","MF","Liverpool",32,11,7,631,0,0,0.5,1,19,5.3,140000,7280000,"Europe"
"Rico Henry","ENG","DF","Brentford",25,13,13,1166,0,1,0.5,0.7,38,4.5,11923,620000,"Europe"
"Son Heung-Min","KOR","MF","Tottenham",30,13,12,1030,3,2,3.5,2.7,53,11.6,NA,NA,"Asia"
"Aaron Hickey","SCO","DF","Brentford",20,9,8,679,0,0,0.1,0,13,4.9,NA,NA,"Europe"
"Joseph Hodge","IRL","MF","Wolves",20,3,0,79,0,0,0.1,0,2,4.4,NA,NA,"Europe"
"Rob Holding","ENG","DF","Arsenal",27,3,0,13,0,0,0,0,4,4.2,40000,2080000,"Europe"
"Mason Holgate","ENG","DF","Everton",26,4,3,320,0,0,0.3,0.3,12,4.3,70000,3640000,"Europe"
"Will Hughes","ENG","MF","Crystal Palace",27,7,0,79,0,0,0.1,0,7,4.8,53846,2800000,"Europe"
"Pierre Højbjerg","DEN","MF","Tottenham",27,12,12,1064,3,2,0.9,1.3,56,5.5,1e+05,5200000,"Europe"
"Kelechi Iheanacho","NGA","FW","Leicester City",26,10,1,219,1,1,1.5,0.6,18,6.1,80000,4160000,"Africa"
"Danny Ings","ENG","FW","Aston Villa",30,12,7,632,3,0,2.7,0.3,33,6.6,120000,6240000,"Europe"
"Alexander Isak","SWE","FW","Newcastle Utd",23,3,3,242,2,0,2.2,0.3,18,6.7,120000,6240000,"Europe"
"Alex Iwobi","NGA","MF","Everton",26,13,13,1152,1,5,0.4,1.9,56,5.6,120000,6240000,"Africa"
"Daniel James","WAL","MF","Leeds United",24,4,2,198,0,0,0.3,0.3,NA,NA,NA,NA,"Europe"
"Daniel James","WAL","MF","Fulham",24,6,3,260,0,0,0.6,0.3,15,6,50000,2600000,"Europe"
"Reece James","ENG","DF","Chelsea",22,7,6,559,1,1,0.7,1.6,26,5.8,250000,1.3e+07,"Europe"
"Vitaly Janelt","GER","MF","Brentford",24,13,9,884,1,1,1,0.7,36,5.5,10000,520000,"Europe"
"Pontus Jansson","SWE","DF","Brentford",31,6,6,514,0,0,0,0,16,4.2,25000,1300000,"Europe"
"Mathias Jensen","DEN","MF","Brentford",26,13,13,952,1,2,0.4,1.6,45,4.8,20000,1040000,"Europe"
"Gabriel Jesus","BRA","FW","Arsenal",25,12,12,1039,5,5,6.8,2.6,67,5.1,265000,13780000,"Americas"
"Gabriel Jesus","BRA","FW","Arsenal",25,12,12,1039,5,5,6.8,2.6,67,8,265000,13780000,"Americas"
"Raúl Jiménez","MEX","FW","Wolves",31,3,2,212,0,0,0.8,0.4,5,6.8,41154,2140000,"Americas"
"Joelinton","BRA","MF","Newcastle Utd",26,12,11,970,1,1,2.2,0.7,33,5.9,85000,4420000,"Americas"
"Ben Johnson","ENG","DF","West Ham",22,7,6,488,0,0,0,0.2,16,4.4,20000,1040000,"Europe"
"Brennan Johnson","WAL","FW","Nottingham Forest",21,13,11,1007,2,0,2.6,0.5,33,5.6,2308,120000,"Europe"
"Curtis Jones","ENG","MF","Liverpool",21,3,1,155,0,0,0.2,0.2,5,4.9,10000,520000,"Europe"
"Jorginho","ITA","MF","Chelsea",30,11,9,723,2,0,1.7,0.2,37,5.8,110000,5720000,"Europe"
"Diogo Jota","POR","MF","Liverpool",25,4,2,196,0,1,0.8,0.8,8,8.8,140000,7280000,"Europe"
"James Justin","ENG","DF","Leicester City",24,13,13,1162,0,0,0.3,0.3,45,4.3,30000,1560000,"Europe"
"Mathias Jørgensen","DEN","DF","Brentford",32,6,4,357,0,0,0.4,0.1,NA,NA,NA,NA,"Europe"
"Sasa Kalajdzic","AUT","FW","Wolves",25,1,1,45,0,0,0.3,0,NA,NA,NA,NA,"Europe"
"Boubacar Kamara","FRA","MF","Aston Villa",22,7,7,566,0,0,0,0.1,13,4.8,150000,7800000,"Europe"
"Harry Kane","ENG","FW","Tottenham",29,13,13,1155,10,1,8.9,2.3,91,11.6,2e+05,10400000,"Europe"
"N'golo Kanté","FRA","MF","Chelsea",31,2,2,174,0,0,0.1,0.3,5,4.8,NA,NA,"Europe"
"Michael Keane","ENG","DF","Everton",29,1,0,23,0,0,0,0,1,4.2,80000,4160000,"Europe"
"Neeskens Kebano","COD","MF","Fulham",30,12,9,713,0,3,0.5,1.4,35,5.4,13462,7e+05,"Africa"
"Thilo Kehrer","GER","DF","West Ham",26,11,11,990,0,0,0.3,0.2,32,4.5,80000,4160000,"Europe"
"Lloyd Kelly","ENG","DF","Bournemouth",24,5,5,450,0,2,0,0.1,23,4.3,30000,1560000,"Europe"
"Max Kilman","ENG","DF","Wolves",25,13,13,1170,0,0,0.6,0,40,4.5,15000,780000,"Europe"
"Mateusz Klich","POL","MF","Leeds United",32,11,0,199,0,0,0.1,0.2,10,4.6,7692,4e+05,"Europe"
"Robin Koch","GER","DF","Leeds United",26,12,12,1035,0,0,0.1,0,21,4.5,46154,2400000,"Europe"
"Ibrahima Konaté","FRA","DF","Liverpool",23,1,0,22,0,0,0,0,3,4.8,70000,3640000,"Europe"
"Ezri Konsa","ENG","DF","Aston Villa",25,13,12,1081,0,0,0.5,0.5,31,4.4,30000,1560000,"Europe"
"Kalidou Koulibaly","SEN","DF","Chelsea",31,8,7,652,1,0,0.4,0.2,28,5.5,295000,15340000,"Africa"
"Cheikhou Kouyaté","SEN","MF","Nottingham Forest",32,10,7,569,1,0,0.3,0.4,24,4.5,NA,NA,"Africa"
"Mateo Kovačić","CRO","MF","Chelsea",28,9,4,532,0,1,0.3,0.5,NA,NA,1e+05,5200000,"Europe"
"Emil Krafth","SWE","DF","Newcastle Utd",28,1,0,1,0,0,0,0,1,4.3,55000,2860000,"Europe"
"Dejan Kulusevski","SWE","MF","Tottenham",22,7,6,499,1,3,0.8,1.6,36,8,110000,5720000,"Europe"
"Layvin Kurzawa","FRA","DF","Fulham",30,1,1,44,0,0,0,0,0,4.3,89231,4640000,"Europe"
"Adam Lallana","ENG","MF","Brighton",34,9,6,421,0,0,0.5,0.6,30,4.9,90385,4700000,"Europe"
"Tariq Lamptey","GHA","DF","Brighton",22,10,0,178,0,0,0,0,9,4.2,35000,1820000,"Africa"
"Manuel Lanzini","ARG","MF","West Ham",29,4,1,99,0,0,0.1,0,5,5.1,70000,3640000,"Americas"
"Aymeric Laporte","ESP","DF","Manchester City",28,3,2,196,0,0,0.1,0,8,5.8,120000,6240000,"Europe"
"Juan Larios","ESP","DF","Southampton",18,4,1,119,0,0,0,0,4,4,NA,NA,"Europe"
"Jamaal Lascelles","ENG","DF","Newcastle Utd",28,4,1,107,0,0,0.1,0,3,4.3,40000,2080000,"Europe"
"Roméo Lavia","BEL","MF","Southampton",18,5,5,419,1,0,0.2,0.1,13,4.5,NA,NA,"Europe"
"Clément Lenglet","FRA","DF","Tottenham",27,6,5,425,0,1,0.4,0.4,12,4.8,145000,7540000,"Europe"
"Bernd Leno","GER","GK","Fulham",30,11,11,990,0,0,0,0,42,4.5,NA,NA,"Europe"
"Jefferson Lerma","COL","MF","Bournemouth",28,13,13,1170,2,0,1.1,0.2,38,4.8,55000,2860000,"Americas"
"Jamal Lewis","NIR","DF","Newcastle Utd",24,1,0,8,0,0,0,0,1,4.4,38000,1976000,"Europe"
"Rico Lewis","ENG","DF","Manchester City",17,3,0,38,0,0,0,0,3,3.9,NA,NA,"Europe"
"Keane Lewis-Potter","ENG","FW","Brentford",21,6,2,228,0,1,0.5,1.2,11,5.2,NA,NA,"Europe"
"Victor Lindelöf","SWE","DF","Manchester Utd",28,3,1,172,0,0,0,0,4,4.3,120000,6240000,"Europe"
"Jesse Lingard","ENG","MF","Nottingham Forest",29,11,9,717,0,0,0.9,0.4,26,5.4,2e+05,10400000,"Europe"
"Diego Llorente","ESP","DF","Leeds United",29,7,7,630,0,0,0.7,0,15,4.4,21923,1140000,"Europe"
"Hugo Lloris","FRA","GK","Tottenham",35,13,13,1170,0,0,0,0,54,5.5,1e+05,5200000,"Europe"
"Renan Lodi","BRA","DF","Nottingham Forest",24,6,5,420,0,0,0.4,0.1,2,4.3,62308,3240000,"Americas"
"Ruben Loftus-Cheek","ENG","MF","Chelsea",26,12,10,871,0,0,0.8,0.9,24,5,120000,6240000,"Europe"
"Sean Longstaff","ENG","MF","Newcastle Utd",25,13,9,876,1,2,0.7,1.8,NA,NA,50000,2600000,"Europe"
"Jamal Lowe","JAM","FW","Bournemouth",28,1,0,1,0,0,0,0,1,5.2,12000,624000,"Americas"
"Douglas Luiz","BRA","MF","Aston Villa",24,12,8,758,1,1,0.2,1.1,31,4.8,75000,3900000,"Americas"
"Lyanco","BRA","DF","Southampton",25,6,2,217,0,0,0.1,0,6,4.4,48077,2500000,"Americas"
"Alexis Mac Allister","ARG","MF","Brighton",23,12,12,1076,4,0,3,0.6,53,5.4,30769,1600000,"Americas"
"James Maddison","ENG","MF","Leicester City",25,11,11,984,6,2,1.9,2.1,71,8.2,110000,5720000,"Europe"
"Harry Maguire","ENG","DF","Manchester Utd",29,4,3,281,0,0,0.2,0,5,4.7,190000,9880000,"Europe"
"Riyad Mahrez","ALG","MF","Manchester City",31,9,4,372,1,0,1.2,0.5,22,7.5,160000,8320000,"Africa"
"Ainsley Maitland-Niles","ENG","MF","Southampton",25,5,3,290,0,0,0,0,9,4.8,NA,NA,"Europe"
"Tyrell Malacia","NED","DF","Manchester Utd",23,7,5,451,0,0,0,0,18,4.2,75000,3900000,"Europe"
"Orel Mangala","BEL","MF","Nottingham Forest",24,7,3,267,0,0,0.2,0,11,4.9,NA,NA,"Europe"
"Sekou Mara","FRA","FW","Southampton",20,9,2,214,0,1,0.7,0.5,12,5.3,NA,NA,"Europe"
"Solly March","ENG","DF","Brighton",28,12,12,1034,0,2,2.3,1.1,42,5,30000,1560000,"Europe"
"Emiliano Marcondes","DEN","MF","Bournemouth",27,1,0,9,0,0,0,0,1,4.7,15000,780000,"Europe"
"Marquinhos","BRA","MF","Arsenal",19,1,0,1,0,0,0,0,1,4.6,30000,1560000,"Americas"
"Anthony Martial","FRA","FW","Manchester Utd",26,3,1,105,2,2,1.3,0.7,19,6.7,250000,1.3e+07,"Europe"
"Martinelli","BRA","MF","Arsenal",21,12,12,1002,5,2,2.8,3,71,6.8,90000,4680000,"Americas"
"Emiliano Martínez","ARG","GK","Aston Villa",30,13,13,1114,0,0,0,0.1,49,4.9,120000,6240000,"Americas"
"Lisandro Martínez","ARG","DF","Manchester Utd",24,12,12,1024,0,0,0.1,0,36,4.5,120000,6240000,"Americas"
"Jean-Philippe Mateta","FRA","FW","Crystal Palace",25,10,2,251,1,0,1.2,0.5,13,5.2,53462,2780000,"Europe"
"Joël Matip","CMR","DF","Liverpool",31,4,3,259,0,0,0,0,4,5.9,1e+05,5200000,"Africa"
"Neal Maupay","FRA","FW","Everton",26,8,5,450,1,0,1.6,0.4,20,6.1,50000,2600000,"Europe"
"Kevin Mbabu","SUI","DF","Fulham",27,5,1,133,0,1,0,0.4,7,4.3,NA,NA,"Europe"
"Bryan Mbeumo","CMR","FW","Brentford",23,13,13,967,2,1,2.6,1.3,44,5.8,20000,1040000,"Africa"
"John Mcginn","SCO","MF","Aston Villa",28,13,11,945,0,0,1,0.7,NA,NA,NA,NA,"Europe"
"Scott Mckenna","SCO","DF","Nottingham Forest",25,13,13,1170,0,0,0.1,0.8,NA,NA,NA,NA,"Europe"
"Dwight Mcneil","ENG","FW","Everton",22,13,6,590,2,0,0.5,1.1,NA,NA,NA,NA,"Europe"
"Scott Mctominay","SCO","MF","Manchester Utd",25,11,6,604,0,0,0.4,0.2,NA,NA,NA,NA,"Europe"
"Ben Mee","ENG","DF","Brentford",33,12,12,1028,2,0,1.2,0.1,52,4.6,NA,NA,"Europe"
"Edouard Mendy","SEN","GK","Chelsea",30,7,6,585,0,0,0,0,21,4.8,55000,2860000,"Africa"
"Nampalys Mendy","SEN","MF","Leicester City",30,4,0,128,0,0,0,0,5,4.3,55000,2860000,"Africa"
"Chris Mepham","WAL","DF","Bournemouth",25,13,13,1161,0,0,0.2,0,24,4.4,35000,1820000,"Europe"
"Illan Meslier","FRA","GK","Leeds United",22,12,12,1080,0,0,0,0,43,4.5,21923,1140000,"Europe"
"Alexander Mighten","ENG","MF","Nottingham Forest",20,1,0,8,0,0,0,0,1,4.9,NA,NA,"Europe"
"Luka Milivojević","SRB","MF","Crystal Palace",31,8,2,265,0,0,0.2,0,NA,NA,55000,2860000,"Europe"
"James Milner","ENG","DF","Liverpool",36,11,4,446,0,1,0.3,0.7,19,4.4,60000,3120000,"Europe"
"Yerry Mina","COL","DF","Everton",28,1,1,69,0,0,0,0,1,4.3,120000,6240000,"Americas"
"Tyrone Mings","ENG","DF","Aston Villa",29,11,11,990,0,0,0,0.1,33,4.3,80000,4160000,"Europe"
"Tyrick Mitchell","ENG","DF","Crystal Palace",23,12,10,828,0,2,0,0.5,36,4.5,28846,1500000,"Europe"
"Kaoru Mitoma","JPN","MF","Brighton",25,8,1,225,0,1,0,2.1,23,4.9,NA,NA,"Asia"
"Aleksandar Mitrović","SRB","FW","Fulham",28,12,12,1017,9,0,7.7,1.3,61,6.9,60000,3120000,"Europe"
"Kieffer Moore","WAL","FW","Bournemouth",30,13,6,593,3,0,0.7,0.3,36,5.4,15000,780000,"Europe"
"Mason Mount","ENG","MF","Chelsea",23,12,11,881,2,2,1.5,1.5,51,7.6,80000,4160000,"Europe"
"Lucas Moura","BRA","MF","Tottenham",30,6,0,94,0,0,0.1,0,7,5.8,90000,4680000,"Americas"
"João Moutinho","POR","MF","Wolves",36,11,9,840,0,0,0.8,1.5,22,4.7,1e+05,5200000,"Europe"
"Jacob Murphy","ENG","FW","Newcastle Utd",27,13,4,420,1,0,0.8,0.5,29,4.3,35000,1820000,"Europe"
"Enock Mwepu","ZAM","FW","Brighton",24,6,2,213,0,1,0.2,0.5,11,5.3,30769,1600000,"Africa"
"Vitaliy Mykolenko","UKR","DF","Everton",23,13,13,1165,0,0,0.4,0.4,43,4.5,58000,3016000,"Europe"
"Wilfred Ndidi","NGA","MF","Leicester City",25,8,7,581,0,0,0.1,0,14,4.8,75000,3900000,"Africa"
"Reiss Nelson","ENG","FW","Arsenal",22,1,0,64,2,1,0.6,0.1,19,4.8,15000,780000,"Europe"
"Neto","BRA","GK","Bournemouth",33,8,8,675,0,0,0,0,25,4.5,50000,2600000,"Americas"
"Pedro Neto","POR","FW","Wolves",22,8,8,599,0,0,0.7,1.2,18,4.9,50000,2600000,"Europe"
"Rúben Neves","POR","MF","Wolves",25,12,12,1080,3,0,1.4,0.3,54,5.5,50000,2600000,"Europe"
"Moussa Niakhate","FRA","DF","Nottingham Forest",26,2,2,160,0,0,0.3,0,NA,NA,NA,NA,"Europe"
"Rasmus Nissen","DEN","DF","Leeds United",25,10,10,870,0,0,0.2,0.6,NA,NA,NA,NA,"Europe"
"Eddie Nketiah","ENG","FW","Arsenal",23,12,0,152,0,0,0.7,0.2,12,6.5,1e+05,5200000,"Europe"
"Matheus Nunes","POR","MF","Wolves",24,11,11,846,0,1,1.1,1.2,28,4.8,85000,4420000,"Europe"
"Darwin Núñez","URU","FW","Liverpool",23,8,5,432,3,1,3.6,1.4,31,8.9,140000,7280000,"Americas"
"Ethan Nwaneri","ENG","MF","Arsenal",15,1,0,1,0,0,0,0,1,4.5,NA,NA,"Europe"
"Christian Nørgaard","DEN","MF","Brentford",28,4,4,309,1,0,0.4,0.1,15,5.3,20000,1040000,"Europe"
"Lewis O'brien","ENG","MF","Nottingham Forest",24,9,6,495,1,0,0.3,0.2,NA,NA,NA,NA,"Europe"
"Angelo Ogbonna","ITA","DF","West Ham",34,2,0,27,0,0,0,0.1,2,4.4,70000,3640000,"Europe"
"Michael Olise","FRA","MF","Crystal Palace",20,11,6,574,0,2,0.7,1.4,35,5.4,47500,2470000,"Europe"
"Robin Olsen","SWE","GK","Aston Villa",32,1,0,56,0,0,0,0,-1,3.9,50000,2600000,"Europe"
"Amadou Onana","BEL","MF","Everton",21,12,10,901,0,1,1.5,0.9,31,4.9,1e+05,5200000,"Europe"
"Josh Onomah","ENG","MF","Fulham",25,1,0,14,0,0,0,0,1,4.3,30000,1560000,"Europe"
"Frank Onyeka","NGA","MF","Brentford",24,10,3,311,0,1,0.2,0.5,16,4.8,18462,960000,"Africa"
"Alex Oxlade-Chamberlain","ENG","FW","Liverpool",29,1,0,15,0,0,0,0,2,4.9,120000,6240000,"Europe"
"João Palhinha","POR","MF","Fulham",27,12,12,1071,2,0,0.8,0,36,5,NA,NA,"Europe"
"Cole Palmer","ENG","MF","Manchester City",20,7,0,106,0,0,0.1,0.1,7,4.3,20000,1040000,"Europe"
"Emerson Palmieri","ITA","DF","West Ham",28,7,3,224,0,0,0.1,0,6,4,95000,4940000,"Europe"
"Lucas Paquetá","BRA","MF","West Ham",25,6,5,408,0,1,1,0.4,22,5.9,150000,7800000,"Americas"
"Thomas Partey","GHA","MF","Arsenal",29,9,9,779,2,0,0.7,0.5,40,4.8,2e+05,10400000,"Africa"
"Nathan Patterson","SCO","DF","Everton",21,8,7,657,0,0,0.4,0.3,22,4,28000,1456000,"Europe"
"Ben Pearson","ENG","MF","Bournemouth",27,4,3,211,0,0,0,0,6,4.4,8000,416000,"Europe"
"Andreas Pereira","BRA","MF","Fulham",26,13,13,1063,1,4,1.5,2.7,59,4.6,40000,2080000,"Americas"
"Ayoze Pérez","ESP","MF","Leicester City",29,4,1,126,0,0,0.4,0.6,9,4.7,45000,2340000,"Europe"
"Ivan Perišić","CRO","DF","Tottenham",33,13,7,653,0,4,0.5,2.5,44,5.5,180000,9360000,"Europe"
"Romain Perraud","FRA","DF","Southampton",25,11,8,671,1,2,0.4,1.3,42,4.4,39231,2040000,"Europe"
"Kalvin Phillips","ENG","MF","Manchester City",26,1,0,2,0,0,0,0,1,4.8,150000,7800000,"Europe"
"Nathaniel Phillips","ENG","DF","Liverpool",25,1,1,62,0,0,0,0,2,3.9,65000,3380000,"Europe"
"Jordan Pickford","ENG","GK","Everton",28,12,12,1080,0,1,0,0.1,53,4.5,1e+05,5200000,"Europe"
"Ethan Pinnock","JAM","DF","Brentford",29,5,5,450,0,0,0.1,0.1,14,4.4,15000,780000,"Americas"
"Daniel Podence","POR","MF","Wolves",27,13,11,952,2,0,1.9,1.5,43,5.3,60000,3120000,"Europe"
"Nick Pope","ENG","GK","Newcastle Utd",30,13,13,1170,0,0,0,0,65,5.3,60000,3120000,"Europe"
"Dennis Praet","BEL","MF","Leicester City",28,6,2,200,0,0,0.2,0,10,4.8,75000,3900000,"Europe"
"Christian Pulisic","USA","FW","Chelsea",24,11,3,363,1,1,0.9,0.5,22,5.7,150000,7800000,"Americas"
"Aaron Ramsdale","ENG","GK","Arsenal",24,12,12,1080,0,0,0,0,52,4.9,60000,3120000,"Europe"
"Jacob Ramsey","ENG","MF","Aston Villa",21,13,10,863,1,1,0.9,1,45,5.2,70000,3640000,"Europe"
"Marcus Rashford","ENG","FW","Manchester Utd",25,12,11,946,4,2,3.7,2,60,6.7,2e+05,10400000,"Europe"
"David Raya","ESP","GK","Brentford",27,13,13,1170,0,0,0,0,58,4.6,25000,1300000,"Europe"
"Tim Ream","USA","DF","Fulham",35,13,13,1167,0,0,0,0,30,4.5,26923,1400000,"Americas"
"Nathan Redmond","ENG","DF","Southampton",28,1,0,1,0,0,0,0,1,5.3,60000,3120000,"Europe"
"Harrison Reed","ENG","MF","Fulham",27,13,13,1085,2,1,1,1.5,44,4.5,11923,620000,"Europe"
"Harrison Reed","ENG","MF","Fulham",27,13,13,1085,2,1,1,1.5,2,4.4,11923,620000,"Europe"
"Bobby Reid","JAM","MF","Fulham",29,13,13,1121,3,1,2.5,0.6,NA,NA,37500,1950000,"Americas"
"Declan Rice","ENG","MF","West Ham",23,13,13,1170,1,1,1.2,1.7,43,4.8,60000,3120000,"Europe"
"Chris Richards","USA","DF","Crystal Palace",22,3,0,47,0,0,0.1,0.3,2,4.4,NA,NA,"Americas"
"Richarlison","BRA","MF","Tottenham",25,9,4,371,0,2,1.5,1.2,19,8.4,90000,4680000,"Americas"
"Jaïro Riedewald","NED","DF","Crystal Palace",26,3,0,41,0,0,0,0,3,4.3,55000,2860000,"Europe"
"Matt Ritchie","SCO","FW","Newcastle Utd",33,1,0,1,0,0,0,0,1,4.2,45000,2340000,"Europe"
"Andrew Robertson","SCO","DF","Liverpool",28,10,8,686,0,2,0.4,1.8,34,6.7,1e+05,5200000,"Europe"
"Antonee Robinson","USA","DF","Fulham",25,11,11,928,0,0,0,0.2,24,4.4,27500,1430000,"Americas"
"Marc Roca","ESP","MF","Leeds United",25,12,12,900,1,0,0.8,0.3,27,4.9,NA,NA,"Europe"
"Marek Rodák","SVK","GK","Fulham",25,2,2,180,0,0,0,0,7,4.4,4423,230000,"Europe"
"Rodri","ESP","MF","Manchester City",26,11,11,942,0,3,1,0.8,36,5.7,220000,11440000,"Europe"
"Rodrigo","ESP","FW","Leeds United",31,11,10,718,6,1,4.2,1.2,64,6.3,57692,3e+06,"Europe"
"Mads Roerslev","DEN","DF","Brentford",23,5,3,253,0,0,0.1,0.5,15,4.3,5000,260000,"Europe"
"Cristian Romero","ARG","DF","Tottenham",24,8,7,658,0,0,0.6,0.3,21,4.9,165000,8580000,"Americas"
"Oriol Romeu","ESP","MF","Southampton",31,1,1,74,0,0,0,0,2,4.8,NA,NA,"Europe"
"Cristiano Ronaldo","POR","FW","Manchester Utd",37,9,3,435,1,0,1.6,0.4,20,10.2,515000,26780000,"Europe"
"Salomón Rondón","VEN","FW","Everton",33,7,1,109,0,0,0.8,0.2,7,5,80000,4160000,"Americas"
"Joe Rothwell","ENG","MF","Bournemouth",27,1,0,14,0,0,0,0,2,4.9,8000,416000,"Europe"
"José Sá","POR","GK","Wolves",29,13,13,1170,0,0,0,0,60,5.1,28654,1490000,"Europe"
"Allan Saint-Maximin","FRA","FW","Newcastle Utd",25,6,4,360,1,2,0.8,1.1,33,6.2,70000,3640000,"Europe"
"Bukayo Saka","ENG","MF","Arsenal",21,12,12,992,4,5,4.3,1.8,73,8,70000,3640000,"Europe"
"Mohamed Salah","EGY","FW","Liverpool",30,12,12,1057,4,3,5.6,2.2,80,12.7,350000,18200000,"Africa"
"William Saliba","FRA","DF","Arsenal",21,12,12,1065,2,1,0.3,0.9,68,5.3,40000,2080000,"Europe"
"Mohammed Salisu","GHA","DF","Southampton",23,12,12,1080,0,0,0.5,0.1,23,4.4,23077,1200000,"Africa"
"Albert Sambi Lokonga","BEL","MF","Arsenal",23,6,2,198,0,0,0,0,8,4.3,50000,2600000,"Europe"
"Davinson Sánchez","COL","DF","Tottenham",26,9,6,497,0,0,0.3,0.1,18,4.3,65000,3380000,"Americas"
"Robert Sánchez","ESP","GK","Brighton",24,12,12,1080,0,0,0,0,47,4.6,10000,520000,"Europe"
"Jadon Sancho","ENG","MF","Manchester Utd",22,10,10,714,2,1,1.6,0.8,40,7.2,350000,18200000,"Europe"
"Jeremy Sarmiento","ECU","MF","Brighton",20,2,0,8,0,0,0,0,2,4.5,NA,NA,"Americas"
"Gianluca Scamacca","ITA","FW","West Ham",23,11,7,620,2,0,1.8,0.6,29,6.7,90000,4680000,"Europe"
"Fabian Schär","SUI","DF","Newcastle Utd",30,12,12,1063,1,0,0.9,0.3,60,4.9,40000,2080000,"Europe"
"Jeffrey Schlupp","GHA","MF","Crystal Palace",29,12,10,914,0,0,0.7,0.3,26,4.8,55962,2910000,"Africa"
"Nélson Semedo","POR","DF","Wolves",28,11,6,564,0,1,0,0.2,11,5,76923,4e+06,"Europe"
"Marcos Senesi","ARG","DF","Bournemouth",25,10,9,762,0,0,0.1,0.1,17,4.5,50000,2600000,"Americas"
"Ryan Sessegnon","ENG","DF","Tottenham",22,11,7,595,2,0,1.3,0.6,NA,NA,55000,2860000,"Europe"
"Luke Shaw","ENG","DF","Manchester Utd",27,8,7,629,0,1,0.2,0.9,28,4.7,150000,7800000,"Europe"
"Jonjo Shelvey","ENG","MF","Newcastle Utd",30,2,0,10,0,0,0,0,3,4.8,70000,3640000,"Europe"
"Bernardo Silva","POR","MF","Manchester City",28,12,10,888,2,5,1.2,1.5,62,6.9,150000,7800000,"Europe"
"Thiago Silva","BRA","DF","Chelsea",38,10,10,900,0,2,0.3,0.4,36,5.4,110000,5720000,"Americas"
"Luis Sinisterra","COL","MF","Leeds United",23,9,6,453,2,0,1.5,0.2,22,6.5,NA,NA,"Americas"
"Oliver Skipp","ENG","MF","Tottenham",22,6,2,130,0,0,0.1,0.2,6,4.3,40000,2080000,"Europe"
"Adam Smith","ENG","DF","Bournemouth",31,13,13,1125,0,1,0.4,0.3,30,4.4,35000,1820000,"Europe"
"Emile Smith Rowe","ENG","MF","Arsenal",22,4,0,51,0,0,0.1,0.3,4,5.6,40000,2080000,"Europe"
"Emile Smith Rowe","ENG","MF","Arsenal",22,4,0,51,0,0,0.1,0.3,0,4.5,40000,2080000,"Europe"
"Cédric Soares","POR","DF","Arsenal",31,1,0,28,0,0,0,0,1,4.2,75000,3900000,"Europe"
"Dominic Solanke","ENG","FW","Bournemouth",25,11,10,891,2,3,1.7,1,52,5.7,50000,2600000,"Europe"
"Manor Solomon","ISR","MF","Fulham",23,1,0,25,0,0,0,0,1,4.9,NA,NA,"Asia"
"Tomáš Souček","CZE","MF","West Ham",27,13,13,1170,1,1,2.4,0.6,NA,NA,65000,3380000,"Europe"
"Boubakary Soumaré","FRA","MF","Leicester City",23,9,7,531,0,0,0,0.1,18,4.4,80000,4160000,"Europe"
"Çağlar Söyüncü","TUR","DF","Leicester City",26,1,1,71,0,0,0,0,2,4.2,45000,2340000,"Asia"
"Djed Spence","ENG","DF","Tottenham",22,3,0,4,0,0,0.1,0,3,4.1,25000,1300000,"Europe"
"Jack Stacey","ENG","DF","Bournemouth",26,5,1,116,0,0,0,0,4,4.3,30000,1560000,"Europe"
"Junior Stanislas","ENG","MF","Bournemouth",32,3,0,58,0,0,0,0.1,4,4.8,35000,1820000,"Europe"
"Jay Stansfield","ENG","MF","Fulham",19,3,1,87,0,0,0.3,0.1,7,4.5,NA,NA,"Europe"
"Jack Stephens","ENG","DF","Southampton",28,2,0,46,0,0,0,0,NA,NA,NA,NA,"Europe"
"Jack Stephens","ENG","DF","Bournemouth",28,2,0,3,0,0,0,0,3,4.3,45000,2340000,"Europe"
"Raheem Sterling","ENG","FW","Chelsea",27,11,10,860,3,1,3,2.1,45,9.7,325000,16900000,"Europe"
"John Stones","ENG","DF","Manchester City",28,7,6,551,0,2,0.2,1.1,31,5.4,250000,1.3e+07,"Europe"
"Pascal Struijk","NED","DF","Leeds United",23,11,11,984,1,1,0.8,2.1,40,4.5,7115,370000,"Europe"
"Crysencio Summerville","NED","MF","Leeds United",21,8,2,293,2,0,0.5,0,33,4.4,5769,3e+05,"Europe"
"Sam Surridge","ENG","FW","Nottingham Forest",24,6,1,125,0,0,0.2,0.1,7,4.7,12692,660000,"Europe"
"Matt Targett","ENG","DF","Newcastle Utd",27,9,4,422,0,0,0,0.3,22,4.8,1e+05,5200000,"Europe"
"James Tarkowski","ENG","DF","Everton",29,13,13,1170,0,0,0.7,0.7,40,4.4,1e+05,5200000,"Europe"
"Marcus Tavernier","ENG","MF","Bournemouth",23,13,13,1114,0,1,0.9,0.9,47,4.9,20000,1040000,"Europe"
"Kenny Tete","NED","DF","Fulham",27,8,7,618,0,3,0.1,0.3,20,4.4,50962,2650000,"Europe"
"Luke Thomas","ENG","DF","Leicester City",21,3,2,183,0,0,0,0,0,4.2,10000,520000,"Europe"
"Youri Tielemans","BEL","MF","Leicester City",25,13,12,1022,2,1,1.1,2,54,6.3,35000,1820000,"Europe"
"Kieran Tierney","SCO","DF","Arsenal",25,11,3,341,0,0,0.3,0.1,19,4.7,110000,5720000,"Europe"
"Harry Toffolo","ENG","DF","Nottingham Forest",27,8,6,577,0,0,0.2,0.4,17,4.3,NA,NA,"Europe"
"Takehiro Tomiyasu","JPN","DF","Arsenal",24,11,4,410,0,0,0.1,0.1,21,4.2,55000,2860000,"Asia"
"James Tomkins","ENG","DF","Crystal Palace",33,1,0,48,0,0,0,0,1,3.9,50000,2600000,"Europe"
"Ivan Toney","ENG","FW","Brentford",26,13,13,1170,8,2,7,2,70,7.4,21154,1100000,"Europe"
"Adama Traoré","ESP","MF","Wolves",26,10,5,509,1,0,0.5,0.8,25,5.5,43077,2240000,"Europe"
"Adama Traoré","ESP","MF","Wolves",26,10,5,509,1,0,0.5,0.8,11,4.5,43077,2240000,"Europe"
"Boubacar Traoré","MLI","MF","Wolves",21,6,2,205,0,0,0,0,11,4.5,NA,NA,"Africa"
"Mark Travers","IRL","GK","Bournemouth",23,6,5,495,0,0,0,0,11,4.3,20000,1040000,"Europe"
"Kieran Trippier","ENG","DF","Newcastle Utd",32,13,13,1155,1,2,0.4,3.4,89,5.9,1e+05,5200000,"Europe"
"Leandro Trossard","BEL","MF","Brighton",27,12,12,1003,7,1,4.2,1.5,78,7.1,42500,2210000,"Europe"
"Kostas Tsimikas","GRE","DF","Liverpool",26,9,4,362,0,3,0.2,0.6,21,4.5,50000,2600000,"Europe"
"Deniz Undav","GER","FW","Brighton",26,6,0,60,0,0,0.4,0.2,7,5.1,NA,NA,"Europe"
"Yan Valery","TUN","DF","Southampton",23,1,1,45,0,0,0,0,0,4,NA,NA,"Africa"
"Virgil Van Dijk","NED","DF","Liverpool",31,12,12,1080,1,0,0.8,0,45,6.5,NA,NA,"Europe"
"Raphaël Varane","FRA","DF","Manchester Utd",29,10,8,684,0,0,0,0.1,31,4.8,340000,17680000,"Europe"
"Jamie Vardy","ENG","FW","Leicester City",35,13,8,708,1,4,2,0.4,39,9.1,140000,7280000,"Europe"
"Joël Veltman","NED","DF","Brighton",30,11,11,914,0,0,0.5,0.2,38,4.6,38462,2e+06,"Europe"
"Fabio Vieira","POR","MF","Arsenal",22,7,1,172,1,0,0.3,0.2,NA,NA,45000,2340000,"Europe"
"Rúben Vinagre","POR","DF","Everton",23,2,0,26,0,0,0,0,2,4.3,25000,1300000,"Europe"
"Carlos Vinícius","BRA","FW","Fulham",27,7,1,162,0,0,0.1,0.3,9,5.5,NA,NA,"Americas"
"Theo Walcott","ENG","MF","Southampton",33,1,0,18,0,0,0,0,2,4.8,75000,3900000,"Europe"
"Kyle Walker","ENG","DF","Manchester City",32,7,7,560,0,0,0.3,0.1,23,4.9,160000,8320000,"Europe"
"Kyle Walker-Peters","ENG","DF","Southampton",25,11,11,952,1,0,0.7,0.7,24,4.4,20000,1040000,"Europe"
"Aaron Wan-Bissaka","ENG","DF","Manchester Utd",24,1,0,5,0,0,0,0,1,4.3,90000,4680000,"Europe"
"Danny Ward","WAL","GK","Leicester City",29,13,13,1170,0,0,0,0,49,4.1,40000,2080000,"Europe"
"Joel Ward","ENG","DF","Crystal Palace",33,11,11,990,0,0,0,0.1,30,4.5,35000,1820000,"Europe"
"James Ward-Prowse","ENG","MF","Southampton",28,13,13,1170,1,1,0.7,2.2,39,6.2,45000,2340000,"Europe"
"Ollie Watkins","ENG","FW","Aston Villa",26,13,12,1095,2,2,4.3,1.7,46,7.1,75000,3900000,"Europe"
"Adam Webster","ENG","DF","Brighton",27,12,12,1080,0,0,1,0,33,4.5,38077,1980000,"Europe"
"Danny Welbeck","ENG","FW","Brighton",31,11,10,912,0,2,3,1.8,36,6.5,55000,2860000,"Europe"
"Ben White","ENG","DF","Arsenal",25,12,12,970,0,2,0.1,0.9,58,4.6,120000,6240000,"Europe"
"Neco Williams","WAL","DF","Nottingham Forest",21,13,11,983,0,0,0.9,1,NA,NA,NA,NA,"Europe"
"Willian","BRA","MF","Fulham",34,6,4,395,1,1,1.6,1,26,5.5,NA,NA,"Americas"
"Joe Willock","ENG","MF","Newcastle Utd",23,13,11,958,0,2,2.6,2.9,45,4.9,80000,4160000,"Europe"
"Callum Wilson","ENG","FW","Newcastle Utd",30,9,9,727,6,2,6,0.6,54,7.5,46000,2392000,"Europe"
"Harry Wilson","WAL","MF","Fulham",25,5,1,135,0,0,0.2,0.1,11,5.7,32885,1710000,"Europe"
"Yoane Wissa","COD","FW","Brentford",26,13,5,535,2,1,2.1,1,44,5.4,11923,620000,"Africa"
"Chris Wood","NZL","FW","Newcastle Utd",30,12,1,152,0,0,0.5,0.1,20,5.6,80000,4160000,"Oceania"
"Joe Worrall","ENG","DF","Nottingham Forest",25,10,6,627,0,0,0.1,0.5,11,4.2,10000,520000,"Europe"
"Granit Xhaka","SUI","MF","Arsenal",30,12,12,1061,3,3,1.4,1.8,61,5.1,120000,6240000,"Europe"
"Ryan Yates","ENG","MF","Nottingham Forest",24,11,9,853,0,1,1.5,0.6,28,5,8077,420000,"Europe"
"Ashley Young","ENG","DF","Aston Villa",37,9,7,695,1,0,0.1,0.7,35,4.4,50000,2600000,"Europe"
"Wilfried Zaha","CIV","FW","Crystal Palace",29,11,11,967,5,1,3.5,1.4,64,7.5,130000,6760000,"Africa"
"Jordan Zemura","ZIM","DF","Bournemouth",22,10,8,698,0,1,0,0.7,25,4.4,8000,416000,"Africa"
"Oleksandr Zinchenko","UKR","DF","Arsenal",25,5,5,393,0,1,0.1,0.3,29,5,150000,7800000,"Europe"
"Hakim Ziyech","MAR","MF","Chelsea",29,4,1,134,0,0,0.2,0.1,5,5.5,1e+05,5200000,"Africa"
"Kurt Zouma","FRA","DF","West Ham",28,12,12,1080,1,0,1.1,0,46,4.5,125000,6500000,"Europe"
"Martin Ødegaard","NOR","MF","Arsenal",23,11,11,898,4,2,2.5,2.4,61,6.4,115000,5980000,"Europe"
